{
  "trainA": {
    "pdb": "1YRF.pdb",
    "chain": "A",
    "seq_len": 35,
    "contacts": 71,
    "F(thetaA)": 6.775149544464819,
    "grad_norm(thetaA)": 0.3049136695903033,
    "hessian": {
      "eps": 0.0001,
      "pos_frac": 0.8,
      "min": -0.8748557360893227,
      "median": 0.32174118460870116,
      "max": 1.4436621010692223
    },
    "frustration": {
      "frustration_scores": [
        0.17972510119504603,
        0.21210388596228474,
        0.0029201619488820594,
        0.0021046572978395935,
        0.0017540782778264659,
        0.08981424834127195,
        0.00991556753848706,
        0.0031820140474915263,
        0.0007363393509520585,
        0.015766235474016104,
        0.000307791057903695,
        1.0,
        0.3813404154623516,
        0.0022501092236986123,
        1.7487884231528896e-05,
        0.004328550699866727,
        0.022535006565534157,
        0.003168861892935513,
        1.0125841446363037e-05,
        0.17378474172865396,
        0.49001970290978764,
        0.005790976417833565,
        5.401154884202011e-06,
        0.01454786777638683,
        0.0069210915163106235,
        0.00040628842499545147,
        0.0002620931650349809,
        0.07931016639130241,
        0.008698273901725883,
        0.005532302843557544,
        0.0034266615739681292,
        0.0039398556372177975,
        5.019975807048277e-05,
        0.15844408718943384,
        0.000997698798800925
      ],
      "sequence": "LSDEDFKAVFGMTRSAFANLPLWKQQHLKKEKGLF",
      "mean_frustration": 0.08240337277857229,
      "max_frustration": 1.0,
      "unstable_modes": 14,
      "spectral_radius": 1.0131228360413376,
      "high_frustration_residues": [
        [
          11,
          "M",
          1.0
        ]
      ],
      "low_frustration_residues": [
        [
          2,
          "D",
          0.0029201619488820594
        ],
        [
          3,
          "E",
          0.0021046572978395935
        ],
        [
          4,
          "D",
          0.0017540782778264659
        ],
        [
          5,
          "F",
          0.08981424834127195
        ],
        [
          6,
          "K",
          0.00991556753848706
        ],
        [
          7,
          "A",
          0.0031820140474915263
        ],
        [
          8,
          "V",
          0.0007363393509520585
        ],
        [
          9,
          "F",
          0.015766235474016104
        ],
        [
          10,
          "G",
          0.000307791057903695
        ],
        [
          13,
          "R",
          0.0022501092236986123
        ],
        [
          14,
          "S",
          1.7487884231528896e-05
        ],
        [
          15,
          "A",
          0.004328550699866727
        ],
        [
          16,
          "F",
          0.022535006565534157
        ],
        [
          17,
          "A",
          0.003168861892935513
        ],
        [
          18,
          "N",
          1.0125841446363037e-05
        ],
        [
          21,
          "L",
          0.005790976417833565
        ],
        [
          22,
          "W",
          5.401154884202011e-06
        ],
        [
          23,
          "K",
          0.01454786777638683
        ],
        [
          24,
          "Q",
          0.0069210915163106235
        ],
        [
          25,
          "Q",
          0.00040628842499545147
        ],
        [
          26,
          "H",
          0.0002620931650349809
        ],
        [
          27,
          "L",
          0.07931016639130241
        ],
        [
          28,
          "K",
          0.008698273901725883
        ],
        [
          29,
          "K",
          0.005532302843557544
        ],
        [
          30,
          "E",
          0.0034266615739681292
        ],
        [
          31,
          "K",
          0.0039398556372177975
        ],
        [
          32,
          "G",
          5.019975807048277e-05
        ],
        [
          34,
          "F",
          0.000997698798800925
        ]
      ]
    }
  },
  "learned_params": {
    "AA20": [
      "A",
      "C",
      "D",
      "E",
      "F",
      "G",
      "H",
      "I",
      "K",
      "L",
      "M",
      "N",
      "P",
      "Q",
      "R",
      "S",
      "T",
      "V",
      "W",
      "Y"
    ],
    "mu_phi": [
      -1.1329908581971289,
      7.218386496484056e-16,
      -1.0598822679827808,
      -1.0813277126276681,
      -1.2474437600294987,
      1.11387772633156,
      -1.0331891363484296,
      3.3627879845816765e-16,
      -1.2615564917155322,
      -1.1061816247446838,
      -0.12252320990360493,
      -1.3645779550792099,
      -0.976400100602296,
      -1.1060981761644213,
      -0.9956669080476633,
      -1.100674927747121,
      -1.2034059313819545,
      -1.188525059118176,
      -1.073929982292145,
      7.202757246781187e-16
    ],
    "mu_psi": [
      -0.807467577371484,
      6.544107140178392e-16,
      -0.7413354803335586,
      -0.7325837356348827,
      -0.7438052619400444,
      0.10707197920232266,
      -0.7634897256683743,
      9.910754544586221e-17,
      -0.5576911275133773,
      -0.5468874927381461,
      -0.43667040547467817,
      -0.28253815177862607,
      -0.5812635792013765,
      -0.7393459868602982,
      -0.6818671175527453,
      -0.4969154435500707,
      -0.4270312751576588,
      -0.7152376922076588,
      -0.6022590302607197,
      8.009293793112742e-16
    ],
    "k_phi": [
      1.4977959278828659,
      1.0000000000000009,
      0.7498148141468168,
      1.3024547770854737,
      0.34363022894182627,
      0.8515220407746974,
      1.0295628152357599,
      1.000000000000001,
      0.43353818542979866,
      0.2651771332262606,
      1.0513622072426863,
      0.8831288566467624,
      1.037818684362929,
      0.8913175391198424,
      1.049121534209966,
      0.9252351612107703,
      0.9465237032092639,
      1.0073024042583314,
      0.978165781798741,
      0.9999999999999999
    ],
    "k_psi": [
      0.3521149875364168,
      1.0000000000000004,
      0.7964874427691854,
      0.46945727598699644,
      0.28151806832794707,
      0.755130904405794,
      0.9401493798356595,
      1.0000000000000004,
      0.3588630824411507,
      0.4696799016424654,
      1.081224135747883,
      1.0259140067162384,
      0.9956258339653065,
      1.0083804548163688,
      0.9549853943006996,
      0.4733679555187633,
      1.0667134898005948,
      0.9445592272779015,
      1.0213226759666303,
      1.0000000000000002
    ],
    "w0": 0.0006320964060577587,
    "r_centers": [
      4.840515880515926,
      5.121208403241512,
      5.401900925967099,
      5.6825934486926855,
      5.963285971418273,
      6.243978494143859,
      6.524671016869446,
      6.8053635395950325,
      7.086056062320619,
      7.366748585046206,
      7.647441107771793,
      7.9281336304973795
    ],
    "w_rbf": [
      -0.058275769384641414,
      -0.038972717033307805,
      -0.015159438059214839,
      0.009636327807622266,
      0.02720493597447578,
      0.027871692622390757,
      0.00782502824776746,
      -0.024876429212286433,
      -0.051788850185910756,
      -0.05392920970902588,
      -0.023659763491235747,
      0.030078285019991303
    ],
    "sigma": 1.0,
    "lam": 0.01
  },
  "predictB": {
    "pdb": "1PGA.pdb",
    "chain": "A",
    "seq_len": 56,
    "contacts": 137,
    "best": {
      "method": "best_response",
      "F": -10.607925016711325,
      "grad_norm": 0.00023956311047869394,
      "converged": true,
      "sweeps": 282,