{
  "trainA": {
    "pdb": "1YRF.pdb",
    "chain": "A",
    "seq_len": 35,
    "contacts": 71,
    "F(thetaA)": 6.775149529004892,
    "grad_norm(thetaA)": 0.30491366942023657,
    "hessian": {
      "eps": 0.0001,
      "pos_frac": 0.8,
      "min": -0.8748557351083798,
      "median": 0.3217411828433109,
      "max": 1.443662099182662
    }
  },
  "learned_params": {
    "AA20": [
      "A",
      "C",
      "D",
      "E",
      "F",
      "G",
      "H",
      "I",
      "K",
      "L",
      "M",
      "N",
      "P",
      "Q",
      "R",
      "S",
      "T",
      "V",
      "W",
      "Y"
    ],
    "mu_phi": [
      -1.1329908584010389,
      3.0273545737001684e-15,
      -1.0598822680451085,
      -1.0813277133812527,
      -1.2474437602396207,
      1.1138777275206804,
      -1.0331891360545769,
      3.8943403053855834e-15,
      -1.2615564918948947,
      -1.1061816221362915,
      -0.12252320996934542,
      -1.3645779540455245,
      -0.976400100386232,
      -1.106098177007905,
      -0.9956669083466039,
      -1.1006749279302146,
      -1.2034059309944214,
      -1.1885250586202645,
      -1.0739299824233979,
      9.79551128831204e-16
    ],
    "mu_psi": [
      -0.8074675775528455,
      -1.5285003105215649e-15,
      -0.7413354803901113,
      -0.7325837347016466,
      -0.7438052633738151,
      0.10707198144281056,
      -0.7634897259120225,
      -1.7653569671224982e-15,
      -0.5576911274572829,
      -0.5468874937374614,
      -0.4366704054158998,
      -0.28253815258772247,
      -0.5812635796734773,
      -0.7393459860310556,
      -0.6818671174517872,
      -0.4969154425221796,
      -0.4270312763139069,
      -0.7152376931292328,
      -0.6022590302428282,
      1.2061564040380907e-15
    ],
    "k_phi": [
      1.4977959250174424,
      0.9999999999999994,
      0.7498148150218048,
      1.3024547740791934,
      0.34363022816274696,
      0.85152204526813,
      1.0295628159920496,
      1.0000000000000009,
      0.43353818642881387,
      0.2651771330371575,
      1.0513622060831587,
      0.8831288551039763,
      1.0378186847981896,
      0.8913175356626576,
      1.049121533749828,
      0.9252351624656413,
      0.9465237037444072,
      1.0073024048201202,
      0.9781657819833676,
      1.0000000000000004
    ],
    "k_psi": [
      0.35211498741627095,
      1.0,
      0.7964874449229686,
      0.46945727811969884,
      0.28151806689204095,
      0.7551309099258113,
      0.9401493792190879,
      0.9999999999999999,
      0.3588630818669542,
      0.4696798996791402,
      1.0812241353034908,
      1.0259140065643824,
      0.9956258335589624,
      1.0083804548270319,
      0.9549853939661568,
      0.47336795661362113,
      1.0667134876553888,
      0.944559227951957,
      1.0213226758656464,
      0.9999999999999999
    ],
    "w0": 0.0006321076262949399,
    "r_centers": [
      4.840515880515926,
      5.121208403241512,
      5.401900925967099,
      5.6825934486926855,
      5.963285971418273,
      6.243978494143859,
      6.524671016869446,
      6.8053635395950325,
      7.086056062320619,
      7.366748585046206,
      7.647441107771793,
      7.9281336304973795
    ],
    "w_rbf": [
      -0.05827573257434952,
      -0.038972789781722104,
      -0.015159431847615333,
      0.00963636530244999,
      0.027204924387940563,
      0.027871691179248828,
      0.00782501296009018,
      -0.024876427473706175,
      -0.05178881448119412,
      -0.053929242444167816,
      -0.023659788323147257,
      0.030078306891370282
    ],
    "sigma": 1.0,
    "lam": 0.01
  },
  "predictB": {
    "pdb": "1PGA.pdb",
    "chain": "A",
    "seq_len": 56,
    "contacts": 137,
    "best": {
      "method": "best_response",
      "F": -10.60781701676676,
      "grad_norm": 0.0027877980014650006,
      "converged": false,
      "sweeps": 150,
      "phi": [
        0.16703234825692403,
        -1.0010304493215014,
        0.5662102889804297,
        0.22232441934510527,
        0.989979857025749,
        0.43574767838653816,
        0.9570168410578432,
        -1.2522752861168431,
        1.366481650950793,
        -1.1297624027709041,
        -1.2034059309944236,
        -1.7230941399709228,
        -1.7500201334750953,
        1.2655116567731204,
        -1.3008009864420926,
        -1.4256757511662117,
        -1.42890869079471,
        -1.4243506552214882,
        -1.2095907975645626,
        -1.2848049288230776,
        -1.2890723068540004,
        -1.2017567078639257,
        -1.137821558784823,
        -1.1164428214823117,
        -1.1054010851134892,
        -1.0854343367375696,
        -0.9235834560986369,
        -1.6551104850095637,
        -1.3204663446816376,
        -2.0641600456104388,
        -1.1376640252769468,
        -0.9482861138687295,
        0.2846464777552069,
        -1.1318091694545753,
        -1.584870019809237,
        -1.1923468769727767,
        -1.4571137089446071,
        1.20880969815651,
        -1.13852241596501,
        -0.8685873715045815,
        1.2147550111511354,
        -0.9637224906590838,
        -0.8169220906534669,
        -1.029710664201855,
        0.2136265878271204,
        -0.7259742628653569,
        -0.8780689887180539,
        -1.1014451759181232,
        -1.2391875008552953,
        -2.44999547350954,
        -1.7316591207504313,
        -2.594294586178628,
        -1.6379310777224294,
        -1.6301169006615082,
        -1.488083184128202,
        -1.1817634811565256
      ],
      "psi": [
        -0.23521796604444045,
        -0.17058389289937947,
        0.3716201355193296,
        0.7407785245523204,
        0.8427358033688779,
        0.5430649049172049,
        0.7172434937325005,
        0.19949269313254403,
        0.791626288506655,
        -0.10147914028434846,
        -0.42703127631390725,
        -1.4525132277394979,
        -1.7355950638047541,
        -0.04473954034286276,
        -1.36533976579205,
        -0.6449795031858501,
        -0.6464880591280577,
        -0.609040260880068,
        -1.0879964581145027,
        -1.9125587545326244,
        -0.8048592974279489,
        -0.8585466426143378,
        -0.6823152235884349,
        -1.261805470617879,
        -0.2809334612684373,
        2.276069069014797,
        -0.07132022016209483,
        0.15640162252530976,
        -0.8214603693251785,
        -1.2854132142327541,
        -0.7829848497610037,
        -0.8535214256147996,
        0.2511981947489348,
        -2.9639630943315196,
        -0.14398465246293046,
        -0.8674578788620386,
        -0.21805857153234065,
        0.13945079863489473,
        -0.5477961090053496,
        -0.6222508631262782,
        0.3046618159601038,
        -0.17073606598863478,
        -0.3879264009031087,
        -0.2515708422902372,
        0.20437218867547724,
        -0.5555029871233526,
        -0.6308552469054582,
        -0.804784577023216,
        -0.418180771275503,
        -2.498357528408564,
        -0.8165695949507183,
        -2.5430189248808333,
        -0.932339673498968,
        -1.5495662389379252,
        -0.8023066844222959,
        -1.9787151864510928
      ],
      "phi_rms_vs_native": 1.302150275967858,
      "psi_rms_vs_native": 2.0016053994030756,
      "n_starts": 8
    }
  },
  "nash_validation_A": {
    "converged": false,
    "sweeps": 150,
    "phi_rms_vs_native": 1.0352834216765991,
    "psi_rms_vs_native": 1.657500793872319,
    "is_nash_stable": false,
    "F_final": -4.609382793180082,
    "grad_norm_final": 0.013187579177176197
  }
}