{
  "trainA": {
    "pdb": "1YRF.pdb",
    "chain": "A",
    "seq_len": 35,
    "contacts": 71,
    "F(thetaA)": -4.786031656506484,
    "grad_norm(thetaA)": 0.7355012389410551,
    "hessian": {
      "eps": 0.0001,
      "pos_frac": 0.7571428571428571,
      "min": -1.0997275251261622,
      "median": 0.7409182559965382,
      "max": 4.771330616257498
    },
    "frustration": {
      "frustration_scores": [
        0.13317385511491614,
        0.02452242098092989,
        0.035168639471763796,
        0.020062062286500794,
        0.008820391218419378,
        0.07643884832021482,
        0.045811204187244575,
        0.3800256555262748,
        0.020719222708001507,
        0.6373979084934587,
        0.009802411471548561,
        1.0,
        0.6040906896368947,
        0.004872487724007446,
        0.0005982164876235519,
        0.5007512313886171,
        0.04443625476260401,
        0.5622839273692842,
        0.003278824089187065,
        0.2841127362338335,
        0.3070456827065158,
        0.0009542209290029578,
        0.0002277136662876367,
        0.037622828900730466,
        0.010555661957316116,
        0.02791367692490696,
        0.0007894457888525825,
        0.033222598243406655,
        0.11909320754501201,
        0.050200305042473886,
        0.006906085661848987,
        0.6367312048869005,
        0.0025304785671934737,
        0.1741801814946491,
        0.7815263699335757
      ],
      "sequence": "LSDEDFKAVFGMTRSAFANLPLWKQQHLKKEKGLF",
      "mean_frustration": 0.1881676185634285,
      "max_frustration": 1.0,
      "unstable_modes": 17,
      "spectral_radius": 1.0164959128768867,
      "high_frustration_residues": [
        [
          9,
          "F",
          0.6373979084934587
        ],
        [
          11,
          "M",
          1.0
        ],
        [
          12,
          "T",
          0.6040906896368947
        ],
        [
          15,
          "A",
          0.5007512313886171
        ],
        [
          17,
          "A",
          0.5622839273692842
        ],
        [
          31,
          "K",
          0.6367312048869005
        ],
        [
          34,
          "F",
          0.7815263699335757
        ]
      ],
      "low_frustration_residues": [
        [
          1,
          "S",
          0.02452242098092989
        ],
        [
          2,
          "D",
          0.035168639471763796
        ],
        [
          3,
          "E",
          0.020062062286500794
        ],
        [
          4,
          "D",
          0.008820391218419378
        ],
        [
          5,
          "F",
          0.07643884832021482
        ],
        [
          6,
          "K",
          0.045811204187244575
        ],
        [
          8,
          "V",
          0.020719222708001507
        ],
        [
          10,
          "G",
          0.009802411471548561
        ],
        [
          13,
          "R",
          0.004872487724007446
        ],
        [
          14,
          "S",
          0.0005982164876235519
        ],
        [
          16,
          "F",
          0.04443625476260401
        ],
        [
          18,
          "N",
          0.003278824089187065
        ],
        [
          21,
          "L",
          0.0009542209290029578
        ],
        [
          22,
          "W",
          0.0002277136662876367
        ],
        [
          23,
          "K",
          0.037622828900730466
        ],
        [
          24,
          "Q",
          0.010555661957316116
        ],
        [
          25,
          "Q",
          0.02791367692490696
        ],
        [
          26,
          "H",
          0.0007894457888525825
        ],
        [
          27,
          "L",
          0.033222598243406655
        ],
        [
          29,
          "K",
          0.050200305042473886
        ],
        [
          30,
          "E",
          0.006906085661848987
        ],
        [
          32,
          "G",
          0.0025304785671934737
        ]
      ]
    }
  },
  "learned_params": {
    "AA20": [
      "A",
      "C",
      "D",
      "E",
      "F",
      "G",
      "H",
      "I",
      "K",
      "L",
      "M",
      "N",
      "P",
      "Q",
      "R",
      "S",
      "T",
      "V",
      "W",
      "Y"
    ],
    "mu_phi": [
      -1.1878659190596272,
      8.404216547590184e-15,
      -1.0380709267094177,
      -1.0779467689112479,
      -1.441613146845352,
      0.7015063597745114,
      -0.8741055130239036,
      1.6594388214214294e-15,
      -1.3634143763813935,
      -1.0570887499811095,
      -0.5083904416275157,
      -1.5112477265571584,
      -1.062629577595085,
      -1.0263869059255313,
      -0.77291472383341,
      -1.021462201165927,
      -1.181762300631195,
      -1.2694560447392114,
      -1.1140253520345402,
      6.81953834744679e-16
    ],
    "mu_psi": [
      2.4995087780937673,
      -1.5636445464682207e-15,
      -0.7199475425891804,
      -0.800458715988875,
      -1.3391575824769837,
      -0.4444750782778644,
      -1.0258576979028806,
      4.233691909938593e-16,
      -0.3346691060383114,
      -0.7427151947185681,
      -0.6844132639006707,
      -0.0632320688022108,
      -0.5483336809946008,
      -0.8964529191355427,
      -0.8828592309247362,
      -0.9338805967923468,
      -0.6098342282826422,
      -0.7534326942779053,
      -0.42083354584526256,
      -1.0442713813394062e-15
    ],
    "k_phi": [
      1.690206139751065,
      0.9999999999999996,
      0.4833561245128238,
      4.325066135488673,
      0.2846006363456096,
      0.713496225246516,
      0.8913065258745819,
      0.9999999999999992,
      0.33376588304944804,
      0.6849226259501038,
      1.643586672848414,
      1.088140179425812,
      1.141908463236552,
      0.7064504452003753,
      0.8725327084874214,
      0.721283108401373,
      0.923452912772056,
      1.1171634018179093,
      1.0220102373870805,
      0.9999999999999999
    ],
    "k_psi": [
      1.0603815865009059,
      1.0,
      0.6562187829313981,
      0.28534099339622593,
      0.1395983982817669,
      0.7090617036084244,
      1.2074103133653453,
      1.0000000000000002,
      0.20520417781467615,
      0.691286880766958,
      1.362786357010121,
      0.9918315993329776,
      0.9780402903254424,
      1.6719858414159714,
      1.1259222620250693,
      0.3894600880334459,
      1.2347547471467673,
      0.9692792192580075,
      0.939831524799717,
      1.0000000000000002
    ],
    "w0": -0.18393874183854914,
    "r_centers": [
      4.840515880515926,
      5.121208403241512,
      5.401900925967099,
      5.6825934486926855,
      5.963285971418273,
      6.243978494143859,
      6.524671016869446,
      6.8053635395950325,
      7.086056062320619,
      7.366748585046206,
      7.647441107771793,
      7.9281336304973795
    ],
    "w_rbf": [
      -0.08918473263441083,
      -0.049958046596956816,
      0.008953798445797717,
      0.05259619372016668,
      0.057707584769200515,
      0.028394718881640874,
      -0.008835585583199638,
      -0.02705548746812382,
      -0.02032931925771116,
      -0.007843618104118232,
      -0.01850638405719427,
      -0.06888053973787069
    ],
    "sigma": 1.0,
    "lam": 0.01
  },
  "predictB": {
    "pdb": "1PGA.pdb",
    "chain": "A",
    "seq_len": 56,
    "contacts": 137,
    "best": {
      "F": -65.15723115606738,
      "grad_norm": 1.2709159573927062e-06,