{
  "trainA": {
    "pdb": "1YRF.pdb",
    "chain": "A",
    "seq_len": 35,
    "contacts": 71,
    "F(thetaA)": 6.775149529004892,
    "grad_norm(thetaA)": 0.30491366942023657,
    "hessian": {
      "eps": 0.0001,
      "pos_frac": 0.8,
      "min": -0.8748557351083798,
      "median": 0.3217411828433109,
      "max": 1.443662099182662
    },
    "frustration": {
      "frustration_scores": [
        0.1797251008010564,
        0.21210388686059206,
        0.002920161985620725,
        0.0021046572242887124,
        0.0017540782755495839,
        0.0898142500114792,
        0.009915567642404763,
        0.0031820140856249246,
        0.0007363393634295923,
        0.01576623521712181,
        0.0003077910584854636,
        1.0,
        0.3813404135170072,
        0.0022501093244700885,
        1.7487885081914792e-05,
        0.004328550735381172,
        0.02253500728833145,
        0.003168861787771001,
        1.0125841782806889e-05,
        0.17378474080430506,
        0.49001970386277144,
        0.005790976203153725,
        5.401154889485274e-06,
        0.014547867584761866,
        0.006921091718761658,
        0.0004062884250170592,
        0.0002620931633058508,
        0.07931016614870849,
        0.008698273986958235,
        0.005532302933994185,
        0.0034266616022442073,
        0.003939855631585964,
        5.019975768511399e-05,
        0.15844408616688338,
        0.0009976988553777983
      ],
      "sequence": "LSDEDFKAVFGMTRSAFANLPLWKQQHLKKEKGLF",
      "mean_frustration": 0.08240337276873949,
      "max_frustration": 1.0,
      "unstable_modes": 14,
      "spectral_radius": 1.0131228360266258,
      "high_frustration_residues": [
        [
          11,
          "M",
          1.0
        ]
      ],
      "low_frustration_residues": [
        [
          2,
          "D",
          0.002920161985620725
        ],
        [
          3,
          "E",
          0.0021046572242887124
        ],
        [
          4,
          "D",
          0.0017540782755495839
        ],
        [
          5,
          "F",
          0.0898142500114792
        ],
        [
          6,
          "K",
          0.009915567642404763
        ],
        [
          7,
          "A",
          0.0031820140856249246
        ],
        [
          8,
          "V",
          0.0007363393634295923
        ],
        [
          9,
          "F",
          0.01576623521712181
        ],
        [
          10,
          "G",
          0.0003077910584854636
        ],
        [
          13,
          "R",
          0.0022501093244700885
        ],
        [
          14,
          "S",
          1.7487885081914792e-05
        ],
        [
          15,
          "A",
          0.004328550735381172
        ],
        [
          16,
          "F",
          0.02253500728833145
        ],
        [
          17,
          "A",
          0.003168861787771001
        ],
        [
          18,
          "N",
          1.0125841782806889e-05
        ],
        [
          21,
          "L",
          0.005790976203153725
        ],
        [
          22,
          "W",
          5.401154889485274e-06
        ],
        [
          23,
          "K",
          0.014547867584761866
        ],
        [
          24,
          "Q",
          0.006921091718761658
        ],
        [
          25,
          "Q",
          0.0004062884250170592
        ],
        [
          26,
          "H",
          0.0002620931633058508
        ],
        [
          27,
          "L",
          0.07931016614870849
        ],
        [
          28,
          "K",
          0.008698273986958235
        ],
        [
          29,
          "K",
          0.005532302933994185
        ],
        [
          30,
          "E",
          0.0034266616022442073
        ],
        [
          31,
          "K",
          0.003939855631585964
        ],
        [
          32,
          "G",
          5.019975768511399e-05
        ],
        [
          34,
          "F",
          0.0009976988553777983
        ]
      ]
    }
  },
  "learned_params": {
    "AA20": [
      "A",
      "C",
      "D",
      "E",
      "F",
      "G",
      "H",
      "I",
      "K",
      "L",
      "M",
      "N",
      "P",
      "Q",
      "R",
      "S",
      "T",
      "V",
      "W",
      "Y"
    ],
    "mu_phi": [
      -1.1329908584010389,
      3.0273545737001684e-15,
      -1.0598822680451085,
      -1.0813277133812527,
      -1.2474437602396207,
      1.1138777275206804,
      -1.0331891360545769,
      3.8943403053855834e-15,
      -1.2615564918948947,
      -1.1061816221362915,
      -0.12252320996934542,
      -1.3645779540455245,
      -0.976400100386232,
      -1.106098177007905,
      -0.9956669083466039,
      -1.1006749279302146,
      -1.2034059309944214,
      -1.1885250586202645,
      -1.0739299824233979,
      9.79551128831204e-16
    ],
    "mu_psi": [
      -0.8074675775528455,
      -1.5285003105215649e-15,
      -0.7413354803901113,
      -0.7325837347016466,
      -0.7438052633738151,
      0.10707198144281056,
      -0.7634897259120225,
      -1.7653569671224982e-15,
      -0.5576911274572829,
      -0.5468874937374614,
      -0.4366704054158998,
      -0.28253815258772247,
      -0.5812635796734773,
      -0.7393459860310556,
      -0.6818671174517872,
      -0.4969154425221796,
      -0.4270312763139069,
      -0.7152376931292328,
      -0.6022590302428282,
      1.2061564040380907e-15
    ],
    "k_phi": [
      1.4977959250174424,
      0.9999999999999994,
      0.7498148150218048,
      1.3024547740791934,
      0.34363022816274696,
      0.85152204526813,
      1.0295628159920496,
      1.0000000000000009,
      0.43353818642881387,
      0.2651771330371575,
      1.0513622060831587,
      0.8831288551039763,
      1.0378186847981896,
      0.8913175356626576,
      1.049121533749828,
      0.9252351624656413,
      0.9465237037444072,
      1.0073024048201202,
      0.9781657819833676,
      1.0000000000000004
    ],
    "k_psi": [
      0.35211498741627095,
      1.0,
      0.7964874449229686,
      0.46945727811969884,
      0.28151806689204095,
      0.7551309099258113,
      0.9401493792190879,
      0.9999999999999999,
      0.3588630818669542,
      0.4696798996791402,
      1.0812241353034908,
      1.0259140065643824,
      0.9956258335589624,
      1.0083804548270319,
      0.9549853939661568,
      0.47336795661362113,
      1.0667134876553888,
      0.944559227951957,
      1.0213226758656464,
      0.9999999999999999
    ],
    "w0": 0.0006321076262949399,
    "r_centers": [
      4.840515880515926,
      5.121208403241512,
      5.401900925967099,
      5.6825934486926855,
      5.963285971418273,
      6.243978494143859,
      6.524671016869446,
      6.8053635395950325,
      7.086056062320619,
      7.366748585046206,
      7.647441107771793,
      7.9281336304973795
    ],
    "w_rbf": [
      -0.05827573257434952,
      -0.038972789781722104,
      -0.015159431847615333,
      0.00963636530244999,
      0.027204924387940563,
      0.027871691179248828,
      0.00782501296009018,
      -0.024876427473706175,
      -0.05178881448119412,
      -0.053929242444167816,
      -0.023659788323147257,
      0.030078306891370282
    ],
    "sigma": 1.0,
    "lam": 0.01
  },
  "predictB": {
    "pdb": "1PGA.pdb",
    "chain": "A",
    "seq_len": 56,
    "contacts": 137,
    "best": {
      "F": -10.607924776142799,
      "grad_norm": 0.00024990054806225834,