{
  "trainA": {
    "pdb": "1YRF.pdb",
    "chain": "A",
    "seq_len": 35,
    "contacts": 71,
    "F(thetaA)": 22.503317006843048,
    "grad_norm(thetaA)": 0.9321853343502038,
    "hessian": {
      "eps": 0.0001,
      "pos_frac": 0.7571428571428571,
      "min": -2.6571774602889504,
      "median": 1.937613657160783,
      "max": 5.6245638657710355
    },
    "frustration": {
      "frustration_scores": [
        0.35375742811322636,
        0.13176351102520278,
        6.342534196330663e-05,
        0.003680777105305962,
        0.001227803710170956,
        0.0008618886917424567,
        0.0007311655687281812,
        0.08680282879627295,
        9.161209019040052e-05,
        0.6025122711668357,
        0.0007560912217963969,
        0.5633569535534162,
        0.18886245499213367,
        0.0004431134837406547,
        0.0008031625009720917,
        0.64254271848393,
        0.001147841027065859,
        1.0,
        0.005798101707758299,
        0.3059641949278607,
        0.24037910808861904,
        4.9043107786524814e-05,
        1.0321769175861003e-06,
        0.0010028449615231492,
        0.00023510698666502183,
        3.025163185309364e-05,
        0.0002709606820451555,
        0.00021807038796866916,
        0.001009375388128233,
        0.0007268288608616553,
        0.21938584423810517,
        0.3648030090117122,
        5.046046108683218e-06,
        0.3102579676157127,
        0.32028094221807657
      ],
      "sequence": "LSDEDFKAVFGMTRSAFANLPLWKQQHLKKEKGLF",
      "mean_frustration": 0.1528520792831542,
      "max_frustration": 1.0,
      "unstable_modes": 17,
      "spectral_radius": 1.0398576619043385,
      "high_frustration_residues": [
        [
          9,
          "F",
          0.6025122711668357
        ],
        [
          11,
          "M",
          0.5633569535534162
        ],
        [
          15,
          "A",
          0.64254271848393
        ],
        [
          17,
          "A",
          1.0
        ]
      ],
      "low_frustration_residues": [
        [
          2,
          "D",
          6.342534196330663e-05
        ],
        [
          3,
          "E",
          0.003680777105305962
        ],
        [
          4,
          "D",
          0.001227803710170956
        ],
        [
          5,
          "F",
          0.0008618886917424567
        ],
        [
          6,
          "K",
          0.0007311655687281812
        ],
        [
          7,
          "A",
          0.08680282879627295
        ],
        [
          8,
          "V",
          9.161209019040052e-05
        ],
        [
          10,
          "G",
          0.0007560912217963969
        ],
        [
          13,
          "R",
          0.0004431134837406547
        ],
        [
          14,
          "S",
          0.0008031625009720917
        ],
        [
          16,
          "F",
          0.001147841027065859
        ],
        [
          18,
          "N",
          0.005798101707758299
        ],
        [
          21,
          "L",
          4.9043107786524814e-05
        ],
        [
          22,
          "W",
          1.0321769175861003e-06
        ],
        [
          23,
          "K",
          0.0010028449615231492
        ],
        [
          24,
          "Q",
          0.00023510698666502183
        ],
        [
          25,
          "Q",
          3.025163185309364e-05
        ],
        [
          26,
          "H",
          0.0002709606820451555
        ],
        [
          27,
          "L",
          0.00021807038796866916
        ],
        [
          28,
          "K",
          0.001009375388128233
        ],
        [
          29,
          "K",
          0.0007268288608616553
        ],
        [
          32,
          "G",
          5.046046108683218e-06
        ]
      ]
    }
  },
  "learned_params": {
    "AA20": [
      "A",
      "C",
      "D",
      "E",
      "F",
      "G",
      "H",
      "I",
      "K",
      "L",
      "M",
      "N",
      "P",
      "Q",
      "R",
      "S",
      "T",
      "V",
      "W",
      "Y"
    ],
    "mu_phi": [
      -1.2923580974814703,
      2.8069100997896015e-14,
      -1.363887076831292,
      -1.1377805675959518,
      -1.2796635689086664,
      0.9793104848252091,
      -0.8554277001891148,
      -5.214205909584725e-15,
      -1.7123642277669058,
      -1.344580096599595,
      -0.21270717565360053,
      -1.640861266548227,
      -1.0106520432509816,
      -0.9736284161467931,
      -0.3179351865941962,
      -1.089071829447325,
      -1.188987764618605,
      -1.415475959552503,
      -1.1587745888405,
      -3.5026581279762727e-15
    ],
    "mu_psi": [
      2.3260390655857,
      -5.502846009973367e-15,
      0.22462507957756478,
      2.366047451553859,
      -0.07390822066369832,
      -0.09346067885002772,
      -0.9382087744223081,
      2.7839982100317014e-15,
      0.12817132440084367,
      -0.42973496833640146,
      -0.48192889569568065,
      0.1720535327597022,
      -0.5770873247827963,
      -0.8759255846778203,
      -0.39403232722809073,
      -0.5207691517930084,
      -0.4663821828248678,
      -0.6953024890852233,
      -0.12245642749088556,
      -4.0155073730356954e-16
    ],
    "k_phi": [
      0.9080003909593183,
      1.0000000000000007,
      0.5745876222008998,
      0.827439992873416,
      0.17960019120782222,
      0.7874758091043892,
      0.8790630385708397,
      1.0000000000000009,
      0.5663732481911927,
      0.4236360837593885,
      1.116612775635429,
      1.3604284108948335,
      1.0759106874780924,
      0.5648590694420437,
      0.7932546388387325,
      0.9065226752304375,
      0.9309946704437763,
      1.3993814501418465,
      1.077450901924938,
      0.9999999999999999
    ],
    "k_psi": [
      2.298357377394843,
      1.0,
      0.37251336771886245,
      1.7298189806689042,
      0.20629476605888966,
      0.692795695739991,
      1.0925198595661718,
      0.9999999999999997,
      0.3767176230889905,
      1.1883155897357283,
      1.115087001670578,
      1.0677980404404352,
      0.9932592348967535,
      0.6718830897596584,
      0.8639814424376404,
      0.5952484675627036,
      1.093578111478084,
      0.9329186180446287,
      0.9433051341516447,
      1.0000000000000002
    ],
    "w0": -0.15005866839640816,
    "r_centers": [
      4.840515880515926,
      5.121208403241512,
      5.401900925967099,
      5.6825934486926855,
      5.963285971418273,
      6.243978494143859,
      6.524671016869446,
      6.8053635395950325,
      7.086056062320619,
      7.366748585046206,
      7.647441107771793,
      7.9281336304973795
    ],
    "w_rbf": [
      0.01621360188272693,
      0.024429773824525658,
      0.0005798341563638778,
      -0.03746976708403846,
      -0.05789752149224041,
      -0.0373099260582725,
      0.019409868876204283,
      0.07878914018851421,
      0.10019963606689238,
      0.06327810121473218,
      -0.019217878020050237,
      -0.1111948036307523
    ],
    "sigma": 1.0,
    "lam": 0.01
  },
  "predictB": {
    "pdb": "1PGA.pdb",
    "chain": "A",
    "seq_len": 56,
    "contacts": 137,
    "best": {
      "F": -27.58802653966339,
      "grad_norm": 0.002271806960721914,